Name,Age,Grade,Registration Date
Jeffery Smith MD,28.0,B,06-08-2024
Kristina Lewis,30.0,D,20-10-2021
Susan Sloan,,A,01-05-2023
Kevin Simpson,,A,13-06-2024
Dylan Griffin,,A,01-02-2022
Wendy Perez,24.0,D,21-03-2023
Heather Gordon,,B,21-11-2024
Sandra Avery,,D,15-07-2024
Daniel Hughes,21.0,F,03-07-2021
Angela Pham,,A,13-03-2022
Anita Yoder,,B,24-06-2021
Lonnie Alexander,19.0,A,20-02-2023
,,A,29-09-2022
William Curtis,,B,12-10-2023
Latasha Miller,24.0,F,04-06-2024
,25.0,B,15-06-2024
Courtney Johnson,,A,17-03-2020
Christopher Bailey,,C,08-09-2021
Nicole White,,C,16-09-2020
Juan Garza,,C,01-11-2020
Eric Johnson,18.0,C,10-07-2022
Kevin Rodriguez,20.0,D,30-05-2024
Robert Schwartz,,C,06-05-2022
Adam Church,21.0,A,30-01-2024
Robert Hall,29.0,C,20-06-2022
Kathryn Rogers,,B,05-05-2022
Sydney Russell,28.0,D,11-01-2024
Timothy Blevins,28.0,C,07-10-2021
Michael Perez,21.0,A,04-04-2024
Timothy Harvey,22.0,D,08-03-2023
Stephanie Kent,19.0,A,08-02-2022
Larry Garcia,27.0,A,06-02-2022
Joel Delgado,27.0,D,31-07-2022
,24.0,F,15-12-2022
James King,,A,04-05-2022
Joseph Bray,,B,16-01-2021
Melissa Swanson,,A,17-08-2024
Linda Riley,30.0,D,15-04-2020
Priscilla Simmons,,C,18-08-2021
,28.0,C,22-03-2023
John Orr,30.0,B,17-02-2021
Brian Molina,,B,04-01-2022
Jessica Stephens,23.0,C,01-03-2020
Shane Perez,28.0,A,07-02-2022
Megan Johnston,29.0,A,28-03-2021
Peter Smith,,F,24-04-2020
John Martinez,24.0,B,08-10-2023
Jennifer Baker,,A,22-08-2020
Jennifer Cole,18.0,D,07-07-2022
Justin White,30.0,A,04-08-2023
David Miller,29.0,C,06-11-2024
Richard Hudson,27.0,A,19-04-2022
Karen Coleman,24.0,C,07-12-2022
Craig Smith,28.0,D,18-03-2023
Adam Howe,,B,18-11-2022
Katie Brown,,B,06-01-2021
Jessica Ryan,25.0,D,05-08-2022
Tiffany Valenzuela,,D,11-03-2021
Zachary Adams,28.0,D,15-02-2023
Melissa Taylor,24.0,A,07-08-2023
Jake Smith,,C,27-05-2022
Jeffrey Simmons,28.0,F,23-01-2023
Laurie Ferguson,,C,07-03-2024
Laura Greene,,A,22-09-2022
James Villarreal,,B,04-10-2023
Tina Meyer,,B,22-09-2023
Tonya Wheeler,,F,20-07-2022
Renee Williams,24.0,F,03-05-2022
Lauren Smith,,B,10-10-2020
Rodney Perez,20.0,C,15-03-2022
Albert Stevenson,,A,22-06-2023
Maria Robbins,,F,14-07-2022
Ms. Samantha Nguyen,27.0,B,06-08-2021
Michael Hall,18.0,B,05-10-2022
Jane Roberts,,B,30-04-2020
Jason Hardy,,C,02-10-2024
Kelly Shaw,23.0,B,15-03-2023
Valerie Moran,,C,08-01-2023
Rebecca Scott,24.0,C,23-11-2020
Troy Reese,19.0,A,28-10-2024
Melanie Moore,21.0,A,19-08-2021
Anthony Kirk,28.0,B,29-11-2021
Megan Thompson MD,28.0,D,24-04-2024
Kenneth Russell,28.0,C,20-10-2024
Denise Hall,26.0,B,29-08-2021
Margaret Hoffman,,F,05-06-2022
,,D,11-05-2024
Erik Sandoval,26.0,D,13-06-2023
Nicole Dalton,24.0,C,07-07-2023
Sandra Chavez,,B,13-12-2020
Steven Garcia,28.0,C,02-07-2022
Jennifer Becker,,C,04-03-2020
Tracy Hurst,18.0,B,29-11-2022
Philip Parker,,D,28-04-2024
Matthew Warren,,C,13-03-2021
,,D,07-08-2020
Anthony Chambers,23.0,F,16-10-2021
Matthew Campbell,,A,05-04-2022
Benjamin Cummings,27.0,F,14-06-2023
,26.0,B,24-08-2021
